name,github_url
acquifer-napari,https://github.com/Luxendo/acquifer-napar
affinder,https://github.com/jni/affinder
allencell-segmenter-ml,https://github.com/AllenCell/allencell-ml-segmenter
AlveolEye,
anchor-droplet-chip,https://github.com/BaroudLab/anchor-droplet-chip
annotrack,https://github.com/abigailmcgovern/annotrack
AppleT3,https://github.com/hereariim/appletree
arcos-gui,https://github.com/bgraedel/arcos-gu
arcosPx-napari,https://github.com/pertzlab/arcosPx-napar
avidaq,
AxonDeepSeg,https://github.com/neuropoly/axondeepse
bbii-decon,https://github.com/gdellaire/bbii-decon
beetlesafari,https://github.com/haesleinhuepf/beetlesafar
biaplotter,https://github.com/BiAPoL/biaplotter
blik,https://github.com/brisvag/blik
brainglobe-napari-io,https://github.com/brainglobe/brainglobe-napari-io
brainglobe-registration,https://github.com/brainglobe/brainglobe-registration
brainglobe-segmentation,https://github.com/brainglobe/brainglobe-segmentation
brainglobe-stitch,https://github.com/brainglobe/brainglobe-stitch
brainglobe-utils,https://github.com/brainglobe/brainglobe-utils
brainreg,https://github.com/brainglobe/brainre
brainrender-napari,https://github.com/brainglobe/brainrender-napar
brainways,https://github.com/bkntr/brainways
brendan-beads,https://github.com/xfolka/brendan-beads
brillouin-imaging,https://github.com/prevedel-lab/brillouin-imaging-napar
btrack,https://github.com/quantumjot/btrack
cell-AAP,
cellcanvas,https://github.com/cellcanvas/cellcanvas
cellfinder,https://github.com/brainglobe/cellfinder
cellpose-counter,
cellpose-napari,https://github.com/Mouseland/cellpose-napar
cochlea-synapseg,
cryocanvas,https://github.com/kephale/cryocanvas
cryovit-napari,
cut-detector,https://github.com/15bonte/cut-detector
cylindra,
darth-d,https://github.com/haesleinhuepf/darth-d
devbio-napari,https://github.com/haesleinhuepf/devbio-napar
disease-classifier,https://github.com/zcqwh/disease-classifier
domb-napari,https://github.com/wisstock/domb-napar
elastix-napari,https://github.com/SuperElastix/elastix-napar
empanada-napari,https://github.com/volume-em/empanada-napar
epicure,
epitools,https://github.com/epitools/epitools
faser,https://github.com/jhnnsrs/faser
featureforest,https://github.com/juglab/featurefores
fishfeats,https://github.com/gletort/FishFeats
fish-scan,https://github.com/ariannaravera/fish-scan
fitellipsoid,
frontveg,https://github.com/hereariim/frontve
fspi-analysis,https://github.com/engpol/fspi_analysis
generate-dense-patches,https://github.com/volume-em/generate-dense-patches
grabber-ift,
guanine-crystal-analysis,https://github.com/biapol/guanine-crystal-analysis
harpy-analysis,https://github.com/saeyslab/harpy
hesperos,https://github.com/chgodard/hesperos
hipocount-napari,https://github.com/wisstock/hipocount-napar
iacs-ipac-reader,https://github.com/zcqwh/iacs_ipac_reader
ilastik-napari,https://github.com/ilastik/ilastik-napar
Image-Composer,https://github.com/MBPhys/Image-Composer
Image-Part-Selecter,https://github.com/MBPhys/Image-Part-Selecter
imaxt-multiscale-plugin,
in-silico-fate-mapping,https://github.com/royerlab/in-silico-fate-mappin
iterseg,https://github.com/abigailmcgovern/iterse
koopa-viz,https://github.com/bbquercus/koopa
Label-Creator,https://github.com/MBPhys/Label-Creator
Large-Image-Viewer,https://github.com/WyssCenter/Large-Image-Viewer
lasso-3d,https://github.com/LorenzLamm/lasso-3d
Layer-Data-Replace,https://github.com/MBPhys/Layer-Data-Replace
LSFM-destripe-napari,https://github.com/peng-lab/lsfm_destripe_napar
LSFM-fusion-napari,https://github.com/peng-lab/lsfm_fusion_napar
manini,https://github.com/hereariim/manin
microscope-napari,https://github.com/Nanobiosensorics/microscope-napar
midi-app-controller,https://github.com/midi-app-controller/midi-app-controller
mikro-napari,https://github.com/jhnnsrs/mikro-napar
misic-napari,https://github.com/pswap/misic
mitoclass,https://github.com/malardjules/MitoClass
mmv-h4cells,https://github.com/MMV-Lab/mmv_h4cells
mmv-h4tracks,https://github.com/MMV-Lab/mmv_h4tracks
MMV-playground,https://github.com/MMV-Lab/MMV-playground
mmv-regionseg,https://github.com/MMV-Lab/mmv-regionse
mobiofox,https://github.com/OwlSurojit/mobiofox
morphometrics,https://github.com/kevinyamauchi/morphometrics
morphometrics-engine,https://github.com/morphometrics/morphometrics-engine
motile-plugin,https://github.com/funkelab/motile-napari-plugin
motile-tracker,https://github.com/funkelab/motile_tracker
mousechd-napari,https://github.com/hnguyentt/mousechd-napar
movement,https://github.com/neuroinformatics-unit/movemen
MSI-Explorer,https://github.com/MMV-Lab/MSI-Explorer
multireg,
napam,https://github.com/JB4Jaison/napam
napari,https://github.com/napari/napar
napari-3d-counter,https://github.com/pnewstein/napari-3d-counter
napari-3d-ortho-viewer,https://github.com/gatoniel/napari-3d-ortho-viewer
napari-3D-registration,https://github.com/GuignardLab/napari-3D-registration
napari-3dtimereg,
napari-accelerated-pixel-and-object-classification,https://github.com/haesleinhuepf/napari-accelerated-pixel-and-object-classification
napari-activelearning,https://github.com/TheJacksonLaboratory/activelearnin
napari-affinities,https://github.com/pattonw/napari-affinities
napari-afmreader,https://github.com/AFM-SPM/napari-afmreader
napari-aicsimageio,https://github.com/AllenCellModeling/napari-aicsimageio
napari-aideveloper,https://github.com/zcqwh/napari-aideveloper
napari-allencell-annotator,https://github.com/aics-int/napari-allencell-annotator
napari-allencell-segmenter,https://github.com/AllenCell/napari-allencell-segmenter
napari-amdtrk,https://github.com/Jeff-Gui/napari-amdtrk-plugin
napari-animated-gif-io,https://github.com/haesleinhuepf/napari-animated-gif-io
napari-animation,https://github.com/napari/napari-animation
napari-annotate,
napari-annotation-project,https://github.com/guiwitz/napari-annotation-projec
napari-annotator,https://github.com/loicsauteur/napari-annotator
napari-annotatorj,https://github.com/spreka/napari-annotatorj
napari-aphid,https://github.com/hereariim/napari-aphid
napari-apple,https://github.com/hereariim/napari-apple
napari-apr-viewer,
napari-arboretum,https://github.com/lowe-lab-ucl/arboretum
napari-argos-archive-reader,https://github.com/dioptic/napari-argos-archive-reader
napari-assistant,https://github.com/haesleinhuepf/napari-assistan
napari-automatic-range,https://github.com/pacomito/napari-automatic-range
napari-bacseg,https://github.com/piedrro/napari-bacse
napari-basicpy,https://github.com/peng-lab/napari-basicpy
napari-bbox,https://github.com/bauerdavid/napari-bbox
napari-bee-annotator,https://github.com/EPFL-Center-for-Imaging/napari-bee-annotator
napari-bfio,https://github.com/PolusAI/napari-bfio
napari-bigfish,https://github.com/MontpellierRessourcesImagerie/napari-bigfish
napari-bigwarp,https://github.com/bkntr/napari-bigwarp
napari-bil-data-viewer,https://github.com/brain-image-library/napari-bil-data-viewer
napari-bioformats,https://github.com/tlambert03/napari-bioformats
napari-bioimageio,
napari-bioio-reader,https://github.com/lguerard/napari-bioio-reader
napari-biomag-annotator,https://github.com/biomag-lab/napari-biomag-annotator
napari-biopb,https://github.com/jiyuuchc/napari-biopb
napari-bio-sample-data,https://github.com/chili-chiu/napari-bio-sample-data
napari-bleach-correct,https://github.com/marx-alex/napari-bleach-correc
napari-blender,https://github.com/Living-Technologies/napari-blender
napari-blender-bridge,https://github.com/haesleinhuepf/napari-blender-bridge
napari-blob-detection,https://github.com/andy-sweet/napari-blob-detection
napari-blosc2,
napari-blossom,https://github.com/hereariim/napari-blossom
napari-bluesky,https://github.com/kephale/napari-bluesky
napari-boardgame-maker,
napari-boids,https://github.com/leoguignard/napari-boids
napari-bootstrapper,
napari-boxmanager,https://github.com/MPI-Dortmund/napari-boxmanager
napari-brainbow-diagnose,https://github.com/LaboratoryOpticsBiosciences/napari-brainbow-diagnose
napari-brightness-contrast,https://github.com/haesleinhuepf/napari-brightness-contras
napari-brushsettings,https://github.com/Croxa/napari-brushsettings
napari-bud-cell-segmenter,https://github.com/AurelienMaillot/napari-bud-cell-segmenter
napari-buds,https://github.com/SanderSMFISH/napari-buds
napari-calibration,https://github.com/tcotte/napari-calibration
napari-camera,https://github.com/MIC-DKFZ/napari-camera
napari-caphid,https://github.com/hereariim/napari-caphid
napari-cardio-bio-eval,
napari-cci-annotator,
napari-ccp4map,https://github.com/biberger/napari-ccp4map
napari-cell-centroid-annotator,https://github.com/tim-vdl/napari-cell-centroid-annotator
napari-cellseg3d,https://github.com/AdaptiveMotorControlLab/CellSeg3D
napari-checkerboard,https://github.com/ViktorvdValk/napari-checkerboard
napari-clemreg,https://github.com/krentzd/napari-clemre
napari-clipboard,https://github.com/kephale/napari-clipboard
napari-clusters-plotter,https://github.com/BiAPoL/napari-clusters-plotter
napari-compressed-labels-io,https://github.com/DragaDoncila/napari-compressed-labels-io
napari-conference,https://github.com/kephale/napari-conference
napari-conidie,https://github.com/hereariim/napari-conidie
napari-console,https://github.com/napari/napari-console
napari-convpaint,https://github.com/guiwitz/napari-convpain
napari-cookiecut,https://github.com/seankmartin/napari-cookiecu
napari-copick,https://github.com/kephale/napari-copick
napari-correct-drift,https://github.com/sommerc/napari-correct-drif
napari-cosmos-ts,https://github.com/marcel-goldschen-ohm/napari-cosmos-ts
napari-cryoet-data-portal,https://github.com/chanzuckerberg/napari-cryoet-data-portal
napari-cryofibsem-imgproc,https://github.com/EMCRUMC/napari-cryofibsem-imgproc
napari-cryofibsem-monitor,https://github.com/jojoelfe/napari-cryofibsem-monitor
napari-ctc-io,https://github.com/bentaculum/napari-ctc-io
napari-cupy-image-processing,https://github.com/haesleinhuepf/napari-cupy-image-processin
napari-cursor-tracker,https://github.com/faymanns/napari-cursor-tracker
napari-curtain,https://github.com/haesleinhuepf/napari-curtain
napari-curviewer,https://github.com/Rocsg/napari-curviewer
napari-czann-segment,https://github.com/sebi06/napari-czann-segmen
napari-czifile2,https://github.com/BodenmillerGroup/napari-czifile2
napari-czi-reader,https://github.com/MaxusTheOne/napari-czi-reader
napari-czitools,https://github.com/sebi06/napari-czitools
napari-data-inspection,https://github.com/MIC-DKFZ/napari-data-inspection
napari-data-preview,https://github.com/WyssCenter/napari-data-preview
napari-deepfinder,https://github.com/deep-finder/napari-deepfinder
napari-deeplabcut,https://github.com/DeepLabCut/napari-deeplabcu
napari-deepmeta,https://github.com/EdgarLefevre/napari-deepmeta
napari-DeepSpot,https://github.com/ebouilhol/napari-DeepSpo
napari-demo,https://github.com/chanzuckerberg/napari-demo
napari-denoiseg,https://github.com/juglab/napari_denoise
napari-dexp,https://github.com/royerlab/napari-dexp
napari-dinosim,https://github.com/AAitorG/napari-DINOSim
napari-dmc-brainmap,
napari-dv,https://github.com/tlambert03/napari-dv
napari-dvid,https://github.com/emmazhou/napari-dvid
napari-dzi-zarr,https://github.com/manzt/napari-dzi-zarr
napari-easy-augment-batch-dl,https://github.com/bnorthan/napari-easy-augment-batch-dl
napari-ehooke,https://github.com/antmsbrito/napari-ehooke
napari-elementary-numpy-operations,https://github.com/MBPhys/napari-elementary-numpy-operations
napari-EMD,https://github.com/NickiShaw/napari-EMD
napari-em-reader,https://github.com/brisvag/napari-em-reader
napari-epyseg,https://github.com/gletort/napari-epyse
napari-error-reporter,https://github.com/tlambert03/napari-error-reporter
napari-event-monitor,https://github.com/ian-coccimiglio/napari-event-monitor
napari-exodeepfinder,https://github.com/deep-finder/napari-exodeepfinder
napari-fast4dreg,
napari-feature-classifier,https://github.com/fractal-napari-plugins-collection/napari-feature-classifier
napari-features,https://github.com/0x00b1/napari-features
napari-features-selector,https://github.com/kumar-sanjeeev/napari-features-selector
napari-feature-visualization,https://github.com/fractal-napari-plugins-collection/napari-feature-visualization
napari-figure,https://github.com/BIOP/napari-figure
napari-filament-annotator,https://github.com/amedyukhina/napari-filament-annotator
napari-filaments,https://github.com/hanjinliu/napari-filaments
napari-file2folder,
napari-file-watcher,https://github.com/kasasxav/napari-file-watcher
napari-filter-labels-by-prop,https://github.com/loicsauteur/napari-filter-labels-by-prop
napari-findaureus,
napari-flim-phasor-plotter,https://github.com/zoccoler/napari-flim-phasor-plotter
napari-flowreg,https://github.com/FlowRegSuite/napari-flowre
napari-fluoresfm,https://github.com/qiqi-lu/napari-fluoresfm
napari-folder-browser,https://github.com/haesleinhuepf/napari-folder-browser
napari-geff,
napari-gemspa,https://github.com/liamholtlab/napari-gemspa
napari-generic-SIMulator,https://github.com/Meizhu-Liang/napari-generic-SIMulator
napari-geojson,https://github.com/tdmorello/napari-geojson
napari-grid-cropping,https://github.com/gatoniel/napari-grid-croppin
napari-griottes,https://github.com/aaristov/napari-griottes
napari-gruvbox,https://github.com/brisvag/napari-gruvbox
napari-h5,https://github.com/rosalindfranklininstitute/napari-h5
napari-hdf5-labels-io,https://github.com/yapic/napari-hdf5-labels-io
napari-hello,
napari-help,https://github.com/brisvag/napari-help
napari-hierarchical,https://github.com/BodenmillerGroup/napari-hierarchical
napari-himena,https://github.com/hanjinliu/napari-himena
napari-hippo,
napari-hough-circle-detector,
napari-hsi-analysis,https://github.com/alessiadb/napari-hsi-analysis
napari-IDS,https://github.com/tcotte/napari-IDS
napari-imagegrains,https://github.com/guiwitz/napari-imagegrains
napari-imagej,https://github.com/imagej/napari-imagej
napari-image-stacker,https://github.com/RobAnKo/napari-image-stacker
napari-imaris-loader,https://github.com/AlanMWatson/napari-imaris-loader
napari-imc,https://github.com/BodenmillerGroup/napari-imc
napari-imodmodel,https://github.com/MoritzWM/napari-imodmodel
napari-imsmicrolink,https://github.com/nhpatterson/napari-imsmicrolink
napari-indices,https://github.com/Emmanulla0/napari-indices
napari-input-visualizer,https://github.com/bauerdavid/napari-input-visualizer
napari-intensity-plotter,https://github.com/Tbrn1103/napari-intensity-plotter
napari-IP-workflow,https://github.com/jayunruh/napari-IP-workflow
napari-ISM,https://github.com/VicidominiLab/napari-ism
napari-isolate-cell,https://github.com/serg-bg/napari-isolate-cell
napari-itk-io,https://github.com/InsightSoftwareConsortium/napari-itk-io
napari-J,https://github.com/MontpellierRessourcesImagerie/napari-J
napari-k2-WaveBreaker,
napari-kics,
napari-kld,
napari-kldeconv,https://github.com/qiqi-lu/napari-kldeconv
napari-labelimg4classification,https://github.com/hiroalchem/napari-labelimg4classification
napari-labeling,https://github.com/Labelings/napari-labelin
napari-label-interpolator,https://github.com/brisvag/napari-label-interpolator
napari-labelling-assistant,https://github.com/pranjaldhole/napari-labelling-assistan
napari-label-manager,https://github.com/Wenlab/napari-label-manager
napari-labelprop,
napari-labels,https://github.com/MIC-DKFZ/napari-labels
napari-labels-overlap,https://github.com/chili-chiu/napari-labels-overlap
napari-laber-manager,https://github.com/Wenlab/napari-label-manager
napari-large-image-importer,https://github.com/hiroalchem/napari-large-image-importer
napari-lattice,https://github.com/BioimageAnalysisCoreWEHI/napari_lattice
napari-layer-details-display,https://github.com/haesleinhuepf/napari-layer-details-display
napari-layer-divider,
napari-layer-table,https://github.com/mapmanager/napari-layer-table
napari-lazy-openslide,https://github.com/manzt/napari-lazy-openslide
napari-LF,https://github.com/PolarizedLightFieldMicroscopy/napari-LF
napari-listener,https://github.com/aganders3/napari-listener
napari-live-flim,
napari-live-recording,https://github.com/jacopoabramo/napari-live-recordin
napari-locan,https://github.com/super-resolution/napari-locan
napari-locpix,https://github.com/oubino/napari-locpix
napari-macrokit,https://github.com/hanjinliu/napari-macrok
napari-mAIcrobe,https://github.com/HenriquesLab/mAIcrobe
napari-manual-registration,https://github.com/jules-vanaret/napari-manual-registration
napari-manual-transforms,https://github.com/tlambert03/napari-manual-transforms
napari-mask-density,
napari-mass,https://github.com/FrancisCrickInstitute/napari-mass
napari-mat-file-reader,https://github.com/rjlopez2/napari-mat-file-reader
napari-math,https://github.com/zacsimile/napari-math
napari-mat-images,https://github.com/hectormz/napari-mat-images
napari-matplotlib,https://github.com/matplotlib/napari-matplotlib
napari-mclabel,
napari-mcp,https://github.com/royerlab/napari-mcp
napari-medical-image-formats,https://github.com/MBPhys/napari-medical-image-formats
napari-melt-pool-tracker,https://github.com/EPFL-Center-for-Imaging/napari-melt-pool-tracker
napari-memmap-tiff,https://github.com/matham/napari-memmap-tiff
napari-merge-stardist-masks,https://github.com/gatoniel/napari-merge-stardist-masks
napari-meshio,https://github.com/GenevieveBuckley/napari-meshio
napari-mesofield,https://github.com/Gronemeyer/napari-mesofield
napari-metroid,https://github.com/zoccoler/napari-metroid
napari-micromanager,https://github.com/pymmcore-plus/napari-micromanager
napari-microscope,
napari-microtubule-analyzer,https://github.com/krentzd/napari-microtubule-analyzer
napari-mm3,https://github.com/junlabucsd/napari-mm3
napari-molecule-reader,https://github.com/brisvag/napari-molecule-reader
napari-molseeq,https://github.com/piedrro/napari-molseeq
napari-moltrack,https://github.com/piedrro/napari-moltrack
napari-morphodynamics,https://github.com/guiwitz/napari-morphodynamics
napari-mouse-controls,https://github.com/haesleinhuepf/napari-mouse-control
napari-mrcfile-handler,https://github.com/Croxa/napari-mrcfile_handler
napari-mrcfile-reader,https://github.com/alisterburt/napari-mrcfile-reader
napari-multitask,
napari-mzarr,
napari-n2v,https://github.com/juglab/napari-n2v
napari-nanopyx,https://github.com/HenriquesLab/napari-NanoPyx
napari-napari,https://github.com/jookuma/napari-napar
napari-nasa-samples,https://github.com/royerloic/napari-nasa-samples
napari-nd2-folder-viewer,https://github.com/gatoniel/napari-nd2-folder-viewer
napari-nD-annotator,https://github.com/bauerdavid/napari-nD-annotator
napari-nd-cropper,https://github.com/MBPhys/napari-nd-cropper
napari-ndev,https://github.com/TimMonko/napari-ndev
napari-ndtiffs,https://github.com/tlambert03/napari-ndtiffs
napari-nibabel,
napari-nifti,https://github.com/MIC-DKFZ/napari-nif
napari-nifti-viewer,https://github.com/yohanchiu/napari-nifti-viewer
napari-nikon-nd2,https://github.com/cwood1967/napari-nikon-nd2
napari-nlm,https://github.com/maweigert/napari-nlm
napari-nninteractive,https://github.com/MIC-DKFZ/napari-nninteractive
napari-noise2vst,https://github.com/IbrahimaAlain/napari-noise2vs
napari-nucleaizer,https://github.com/etasnadi/napari_nucleaizer
napari-nuclephaser,https://github.com/nikvo1/napari-nuclephaser
napari-nyxus,https://github.com/PolusAI/napari-nyxus
napari-obj,https://github.com/guignardlab/napari-obj
napari-omaas,https://github.com/rjlopez2/napari-omaas
napari-omero,https://github.com/tlambert03/napari-omero
napari-omero-downloader-cci,https://github.com/CCI-GU-Sweden/napari-omero-downloader-cc
napari-ome-zarr,https://github.com/ome/napari-ome-zarr
napari-ome-zarr-navigator,https://github.com/fractal-analytics-platform/napari-ome-zarr-navigator
napari-open-ctc,https://github.com/bentaculum/napari-open-ctc
napari-openfibsem,https://github.com/DeMarcoLab/napari-openfibsem
napari-opt-handler,https://github.com/QBioImaging/napari-opt-handler
napari-organoid-counter,https://github.com/HelmholtzAI-Consultants-Munich/napari-organoid-counter
napari-owncloud,https://github.com/haesleinhuepf/napari-owncloud
napari-parallel,
napari-patchcreator,https://github.com/juglab/napari-patchcreator
napari-pdf-reader,https://github.com/krentzd/napari-pdf-reader
napari-pdr-reader,https://github.com/AndrewAnnex/napari-pdr-reader
napari-phasors,https://github.com/napari-phasors/napari-phasors
napari-PHILOW,https://github.com/neurobiology-ut/PHILOW
napari-PICASSO,https://github.com/nygctech/PICASSO
napari-pitcount-cfim,https://github.com/MaxusTheOne/napari-pitcount-cfim
napari-pixel-correction,https://github.com/hereariim/napari-pixel-correction
napari-PixSeq,https://github.com/piedrro/napari-PixSeq
napari-plot,https://github.com/lukasz-migas/napari-1d
napari-plot-profile,https://github.com/haesleinhuepf/napari-plot-profile
napari-plugin-search,https://github.com/haesleinhuepf/napari-plugin-search
napari-points2regions,https://github.com/wahlby-lab/napari-points2regions
napari-pointslayer-projection,https://github.com/gatoniel/napari-pointslayer-projection
napari-potential-field-navigation,https://github.com/rcremese/napari-potential-field-navigation
napari-power-spectrum,https://github.com/GiorgiaTortora/napari-power-spectrum
napari-power-widgets,https://github.com/hanjinliu/napari-power-widgets
napari-pram,
napari-prism,https://github.com/clinicalomx/napari-prism
napari-process-points-and-surfaces,https://github.com/haesleinhuepf/napari-process-points-and-surfaces
napari-proofread-brainbow,
napari-properties-plotter,https://github.com/brisvag/napari-properties-plotter
napari-properties-viewer,https://github.com/kevinyamauchi/napari-properties-viewer
napari-psf-analysis,https://github.com/fmi-faim/napari-psf-analysis
napari-psfgenerator,https://github.com/VStergiop/napari-psfgenerator
napari-psf-simulator,https://github.com/andreabassi78/napari-psf-simulator
napari-pssr,https://github.com/pattonw/napari-pssr
napari-pyav,https://github.com/danionella/napari-pyav
napari-pyclesperanto-assistant,https://github.com/clEsperanto/napari_pyclesperanto_assistan
napari-pymeshlab,https://github.com/zacsimile/napari-pymeshlab
napari-pystackreg,https://github.com/glichtner/napari-pystackre
napari-qrcode,https://github.com/kephale/napari-qrcode
napari-quoll,https://github.com/rosalindfranklininstitute/napari-quoll
napari-rembg,https://github.com/EPFL-Center-for-Imaging/napari-remb
napari-result-stack,https://github.com/hanjinliu/napari-result-stack
napari-rioxarray,https://github.com/AndrewAnnex/napari-rioxarray
napari-roi,https://github.com/BodenmillerGroup/napari-ro
napari-roi-manager,https://github.com/hanjinliu/napari-roi-manager
napari-roi-registration,https://github.com/GiorgiaTortora/napari-roi-registration
napari-roxas-ai,https://github.com/roxas-ai/napari-roxas-a
napari-sairyscan,https://github.com/sylvainprigent/napari-sairyscan
napari-sam,https://github.com/MIC-DKFZ/napari-sam
napari-sam2long,https://github.com/maihanhoang/napari-sam2lon
napari-SAM4IS,https://github.com/hiroalchem/napari-SAM4IS
napari-samv2,https://github.com/Krishvraman/napari-SAMV2
napari-save-transformed,https://github.com/fmi-faim/napari-save-transformed
napari-sc3D-viewer,https://github.com/GuignardLab/napari-sc3D-viewer
napari-script-editor,https://github.com/haesleinhuepf/napari-script-editor
napari-sdeconv,https://github.com/sylvainprigent/napari-sdeconv
napari-sediment,https://github.com/guiwitz/napari-sedimen
napari-seedseg,https://github.com/rezaakb/napari-seedse
napari-segment,https://github.com/aaristov/napari-segmen
napari-segment-anything,https://github.com/jookuma/napari-segment-anythin
napari-segment-anything-2,https://github.com/JoOkuma/napari-segment-anything-2
napari-segmentation-overlap-filter,https://github.com/FrancisCrickInstitute/PARSEG
napari-segment-blobs-and-things-with-membranes,https://github.com/haesleinhuepf/napari-segment-blobs-and-things-with-membranes
napari-segment-everything,https://github.com/True-North-Intelligent-Algorithms/napari-segment-everythin
napari-segselect,https://github.com/bwmr/napari-segselec
napari-serialcellpose,https://github.com/guiwitz/napari-serialcellpose
napari-shape-odyssey,https://github.com/jo-mueller/napari-shape-odyssey
napari-sif-reader,https://github.com/rjlopez2/napari-sif-reader
napari-sift-registration,https://github.com/jfozard/napari-sift-registration
napari-signal-selector,https://github.com/zoccoler/napari-signal-selector
napari-simpleannotate,https://github.com/hiroalchem/napari-simpleannotate
napari-simpleitk-image-processing,https://github.com/haesleinhuepf/napari-simpleitk-image-processin
napari-simple-orthoviewer,https://github.com/Krishvraman/napari-simple-orthoviewer
napari-sim-processor,https://github.com/andreabassi78/napari-sim-processor
napari-sketchpose,
napari-skimage,https://github.com/guiwitz/napari-skimage
napari-skimage-regionprops,https://github.com/haesleinhuepf/napari-skimage-regionprops
napari-SMLMLAB,https://github.com/piedrro/napari-bacse
napari-solarized,https://github.com/aganders3/napari-solarized
napari-spacetx-explorer,https://github.com/sebgoti/napari-spacetx-explorer
napari-spatial-correlation-plotter,https://github.com/jules-vanaret/napari-spatial-correlation-plotter
napari-spatialdata,https://github.com/scverse/napari-spatialdata
napari-spatial-omics,https://github.com/sebgoti/napari-spatial-omics
napari-spfluo,https://github.com/jplumail/napari-spfluo
napari-splinebox,https://github.com/EPFL-Center-for-Imaging/napari-splinebox
napari-splinedist,https://github.com/DerThorsten/napari-splinedis
napari-splineit,https://github.com/uhlmanngroup/napari-spline
napari-spofi,https://github.com/drchrisch/napari-spof
napari-spotiflow,https://github.com/weigertlab/napari-spotiflow
napari-spreadsheet,https://github.com/hanjinliu/napari-spreadshee
napari-stable-diffusion,https://github.com/kephale/napari-stable-diffusion
napari-steinpose,https://github.com/guiwitz/napari-steinpose
napari-stitcher,https://github.com/multiview-stitcher/napari-stitcher
napari-stl-exporter,https://github.com/jo-mueller/napari-stl-exporter
napari-stracking,https://github.com/sylvainprigent/napari-strackin
napari-stress,https://github.com/campaslab/napari-stress
napari-subboxer,https://github.com/alisterburt/napari-subboxer
napari-superres,https://github.com/RoccoDAnt/napari-superres
napari-svetlana,
napari-svg,https://github.com/napari/napari-sv
napari-swc-editor,https://github.com/LaboratoryOpticsBiosciences/napari-swc-editor
napari-swc-reader,https://github.com/LaboratoryOpticsBiosciences/napari-swc-reader
napari-tabu,https://github.com/haesleinhuepf/napari-tabu
napari-tapenade-processing,https://github.com/jules-vanaret/napari-tapenade-processin
napari-tardis-em,https://github.com/SMLC-NYSBC/napari-tardis_em
napari-text-layer,
napari-threedee,https://github.com/alisterburt/napari-threedee
napari-tiff,https://github.com/napari/napari-tiff
napari-tiledb-bioimg,https://github.com/TileDB-Inc/napari-tiledb-bioim
napari-tiler,https://github.com/tdmorello/napari-tiler
napari-timelapse-processor,https://github.com/jo-mueller/napari-timelapse-processor
napari-timeseries-opener-plugin,https://github.com/gatoniel/napari-timeseries-opener-plugin
napari-time-series-plotter,https://github.com/ch-n/napari-time_series_plotter
napari-time-slicer,https://github.com/haesleinhuepf/napari-time-slicer
napari-tissuumaps,
napari-tmidas,https://github.com/macromeer/napari-tmidas
napari-tomocube-data-viewer,https://github.com/ehgus/napari-tomocube-data-viewer
napari-tomodl,
napari-tomotwin,https://github.com/MPI-Dortmund/napari-tomotwin
napari-toothfairy-annotator,https://github.com/LucaLumetti/napari-toothfairy-annotator
napari-toska,https://github.com/allysonryan/napari-toska
napari-tracing,https://github.com/mapmanager/napari-tracin
napari-trackastra,https://github.com/weigertlab/napari-trackastra
napari-trackpy,https://github.com/rhoitink/napari-trackpy
napari-tracks-reader,https://github.com/sylvainprigent/napari-tracks-reader
napari-trait2d,https://github.com/jacopoabramo/napari-trait2d
napari-tree-rings,
napari-turing,https://github.com/leoguignard/napari-turin
napari-tyssue,https://github.com/kephale/napari-tyssue
napari-ufish,
napari-ui-tracer,https://github.com/dalthviz/napari-ui-tracer
napari-umap,https://github.com/royerlab/napari-umap
napari-unicell,https://github.com/JunMa11/napari-unicell
napari-UniSPAC,https://github.com/ddd9898/UniSPAC
napari-update-checker,https://github.com/napari/napari-plugin-manager
napari-utrack-loader,https://github.com/jules-vanaret/napari-utrack-loader
napari-validate-random-label-predictions,https://github.com/gatoniel/napari-validate-random-label-predictions
napari-vascilia,https://github.com/ucsdmanorlab/Napari-VASCilia
napari-vector-graphics,https://github.com/JoOkuma/napari-vector-graphics
napari-vectorizer,https://github.com/tha-santacruz/napari-vectorizer
napari-vedo-bridge,https://github.com/jo-mueller/napari-vedo-bridge
napari-vemseg,
napari-vesicles-segmentation,https://github.com/alexisjapas/napari-vesicles-segmentation
napari_video,https://github.com/janclemenslab/napari-video
napari-video-cvdask,https://github.com/nickdelgrosso/napari-video-cvdask
napari-vodex,https://github.com/LemonJust/napari-vodex
napari-workflow-inspector,https://github.com/haesleinhuepf/napari-workflow-inspector
napari-workflow-optimizer,https://github.com/haesleinhuepf/napari-workflow-optimizer
napari-workshop-browser,https://github.com/kephale/napari-workshop-browser
napari-workshop-plugin,https://github.com/seankmartin/napari-software-development-workshop
napari-wsi,https://github.com/AstraZeneca/napari-ws
napari-wsireg,https://github.com/nhpatterson/napari-wsire
napari-xgboost,https://github.com/haesleinhuepf/napari-xgboos
napari-yapic-prediction,https://github.com/yapic/napari-yapic-prediction
napari-yolo5-mitosis-detector,https://github.com/TPoquillon/napari-yolo5-mitosis-detector
napari-yolov5,https://github.com/rdemets/napari-yolov5
napari-zelda,https://github.com/RoccoDAnt/napari-zelda
napari-zplane-depth-colorizer,https://github.com/maihanhoang/napari-zplane-depth-colorizer
napari-zulip,https://github.com/kephale/napari-zulip
napping,https://github.com/BodenmillerGroup/nappin
natari,https://github.com/haesleinhuepf/natar
ndev-sampledata,https://github.com/ndev-kit/ndev-sampledata
ndev-settings,https://github.com/ndev-kit/ndev-settings
ndev-themes,https://github.com/ndev-kit/ndev-themes
nellie,https://github.com/aelefebv/nellie
neurofly,https://github.com/beanli161514/neurofly
neurogenesis-napari,https://github.com/tum-ai/neurogenesis_napar
nfinder,https://github.com/santi-rodriguez/nfinder
Offset-Subtraction,https://github.com/MBPhys/Offset-Subtraction
okapi-em,
orchardseg,https://github.com/hereariim/segtree
organelle-segmenter-plugin,https://github.com/ndcn/organelle-segmenter-plugin
orseg,https://github.com/hereariim/orse
ortho-view-napari,https://github.com/JoOkuma/ortho-view-napar
palmari,https://github.com/hippover/palmar
Partial-Aligner,https://github.com/DKFZ-TMTRR/Partial-Aligner
PartSeg,https://github.com/4DNucleome/PartSe
PartSeg-smfish,https://github.com/4DNucleome/PartSeg-smfish
platelet-unet-watershed,https://github.com/jni/platelet-unet-watershed
platemapper,
platetrack,https://github.com/abigailmcgovern/platelet-trackin
PlatyMatch,https://github.com/juglab/PlatyMatch
popidd-io,
PoseR-napari,https://github.com/pnm4sfix/PoseR
psf-analysis-CFIM,https://github.com/MaxusTheOne/napari-psf-analysis-CFIM-edition
psfmodels,https://github.com/tlambert03/psfmodels
pssr,https://github.com/ucsdmanorlab/PSSR2
pycudadecon,https://github.com/tlambert03/pycudadecon
qhyccd-capture,
quantpunc,https://github.com/tehahn/quantpunc
recOrder-napari,https://github.com/mehta-lab/recOrder
RedLionfish,https://github.com/rosalindfranklininstitute/RedLionfish
samcell-napari,https://github.com/saahilsanganeriya/samcell-napar
segment-embryo,https://github.com/MontpellierRessourcesImagerie/segment-embryo
set-calibration,https://github.com/MontpellierRessourcesImagerie/set-calibration
seu-3d,https://github.com/DingAnZhong/SEU-3D
skan,https://github.com/jni/skan
smo,https://github.com/maurosilber/smo
snouty-viewer,https://github.com/aelefebv/snouty-viewer
spots-in-yeasts,https://github.com/MontpellierRessourcesImagerie/spots-in-yeasts
stardist-napari,https://github.com/stardist/stardist-napar
surforama,https://github.com/cellcanvas/surforama
test-detect-spots,
the-segmentation-game,https://github.com/haesleinhuepf/the-segmentation-game
tootapari,https://github.com/kephale/tootapar
tracking-challenge-demo,https://github.com/DragaDoncila/tracking-challenge-demo
unet-lungs-segmentation,https://github.com/qchapp/lungs-segmentation
vessel-express-napari,https://github.com/MMV-Lab/vessel-express-napar
VessQC,https://github.com/MMV-Lab/VessQC
vollseg-napari,https://github.com/kapoorlab/vollseg-napar
vollseg-napari-mtrack,https://github.com/Kapoorlabs-CAPED/vollseg-napari-mtrack
vollseg-napari-trackmate,https://github.com/Kapoorlabs-CAPED/vollseg-napari-trackmate
waver,https://github.com/sofroniewn/waver
workshop-demo,https://github.com/DragaDoncila/workshop-demo
World2Data,https://github.com/MBPhys/World2Data
yt-napari,https://github.com/data-exp-lab/yt-napar
zarpaint,https://github.com/jni/zarpain
